Content Creator,Playlist ID,Video ID,Positive Comments,Negative Comments,Neutral Comments,Positive %,Negative %,Neutral %,Overall Sentiment,Number of Topics,Topics
Fully Charged Show,PLzD0K2OhbVfHtiJwiepCu_qwONFRaS06p,ZLKh8w3SGr0,166,52,172,42.6,13.3,44.1,Positive,15,"horsepower, ccs, tesla, range, software update, electrify america, all-wheel drive, charging, infotainment, suv, fast charging, crossover, rivian, ai, battery"
Fully Charged Show,PLzD0K2OhbVfHtiJwiepCu_qwONFRaS06p,7LMgmg0I0GA,273,58,217,49.8,10.6,39.6,Positive,6,"tesla, electrify america, vehicle-to-grid, tesla supercharger, battery, home charging"
Fully Charged Show,PLzD0K2OhbVfHtiJwiepCu_qwONFRaS06p,fpjcbTGaYgs,683,193,587,46.7,13.2,40.1,Positive,7,"cargo space, range, electrify america, all-wheel drive, rivian, battery, acceleration"
Fully Charged Show,PLzD0K2OhbVfHtiJwiepCu_qwONFRaS06p,oeh_bURqRPs,253,47,212,49.4,9.2,41.4,Positive,9,"regenerative braking, horsepower, self-driving, torque, tesla, range, capacity, battery, acceleration"
Fully Charged Show,PLzD0K2OhbVfHtiJwiepCu_qwONFRaS06p,yrpq8YFvZWs,494,155,502,42.9,13.5,43.6,Positive,8,"horsepower, range, charging, dc fast charging, top speed, crash test, battery, charger"
Fully Charged Show,PLzD0K2OhbVfHtiJwiepCu_qwONFRaS06p,SVxc3JLjIhg,85,26,72,46.4,14.2,39.3,Positive,9,"sport mode, tesla, charging, suv, crossover, capacity, mobile app, battery, drag coefficient"
Fully Charged Show,PLzD0K2OhbVfHtiJwiepCu_qwONFRaS06p,lDZfsUh1uRw,119,31,109,45.9,12.0,42.1,Positive,4,"road trip, cargo space, suv, battery"
Fully Charged Show,PLzD0K2OhbVfHtiJwiepCu_qwONFRaS06p,7_j8ZiIwDA8,81,23,89,42.0,11.9,46.1,Positive,1,drag coefficient
Fully Charged Show,PLzD0K2OhbVfHtiJwiepCu_qwONFRaS06p,KyrSdgtx-Wo,130,27,119,47.1,9.8,43.1,Positive,5,"regenerative braking, range, weight distribution, capacity, battery"
Fully Charged Show,PLzD0K2OhbVfHtiJwiepCu_qwONFRaS06p,Y3Wa7aL3_Fg,193,85,237,37.5,16.5,46.0,Positive,7,"tesla, range, charging, hybrid, mileage, capacity, battery"
Fully Charged Show,PLzD0K2OhbVfHtiJwiepCu_qwONFRaS06p,Dlnd0m6T40w,115,41,132,39.9,14.2,45.8,Positive,6,"tesla, range, charging, suv, rivian, battery"
Fully Charged Show,PLzD0K2OhbVfHtiJwiepCu_qwONFRaS06p,wuACZvjH7tc,494,123,557,42.1,10.5,47.4,Positive,2,"charging, tesla"
Fully Charged Show,PLzD0K2OhbVfHtiJwiepCu_qwONFRaS06p,lYkfrUtz8c8,99,39,89,43.6,17.2,39.2,Positive,3,"range, battery, charging"
Fully Charged Show,PLzD0K2OhbVfGMSJzuD7aCZZsMBqUlGz18,gi74aTWkyv0,232,90,300,37.3,14.5,48.2,Positive,10,"horsepower, range, charging, all-wheel drive, infotainment, suv, crossover, touchscreen, battery, user interface"
Fully Charged Show,PLzD0K2OhbVfGMSJzuD7aCZZsMBqUlGz18,BFeBg6jJ6Fo,133,28,88,53.4,11.2,35.3,Positive,11,"hev, horsepower, self-driving, cargo space, tesla, range, hybrid, all-wheel drive, suv, weight distribution, battery"
Fully Charged Show,PLzD0K2OhbVfGMSJzuD7aCZZsMBqUlGz18,-y4LdgsidcU,567,101,555,46.4,8.3,45.4,Positive,4,"range, battery, charging, suv"
Fully Charged Show,PLzD0K2OhbVfGMSJzuD7aCZZsMBqUlGz18,bLvKsdjDi_k,194,31,157,50.8,8.1,41.1,Positive,9,"thermal management, horsepower, range, battery cooling system, top speed, suv, handling, sedan, battery"
Fully Charged Show,PLzD0K2OhbVfGMSJzuD7aCZZsMBqUlGz18,zUI2kUgt_uQ,87,22,85,44.8,11.3,43.8,Positive,4,"range, battery, energy density, charger"
Fully Charged Show,PLzD0K2OhbVfGMSJzuD7aCZZsMBqUlGz18,-TNwIBETzBA,58,15,60,43.6,11.3,45.1,Positive,4,"handling, battery, horsepower, acceleration"
Fully Charged Show,PLzD0K2OhbVfGMSJzuD7aCZZsMBqUlGz18,wMMq3j8zbjk,289,94,348,39.5,12.9,47.6,Positive,9,"slow charging, horsepower, torque, range, charging, charging cable, top speed, fast charging, battery"
Fully Charged Show,PLzD0K2OhbVfGMSJzuD7aCZZsMBqUlGz18,ETfosvPX-SU,377,126,394,42.0,14.0,43.9,Positive,9,"horsepower, sport mode, range, charging, all-wheel drive, hybrid, suv, battery, charger"
Fully Charged Show,PLzD0K2OhbVfGMSJzuD7aCZZsMBqUlGz18,BT_LmJUCxi0,42,12,32,48.8,14.0,37.2,Positive,3,"range, battery, all-wheel drive"
Fully Charged Show,PLzD0K2OhbVfGMSJzuD7aCZZsMBqUlGz18,hajp1FLvzjA,209,52,165,49.1,12.2,38.7,Positive,7,"range, suv, crossover, ai, battery, drag coefficient, acceleration"
Fully Charged Show,PLzD0K2OhbVfGMSJzuD7aCZZsMBqUlGz18,RC_LFdpvv44,206,91,214,40.3,17.8,41.9,Positive,6,"horsepower, range, hybrid, infotainment, crossover, battery"
Fully Charged Show,PLzD0K2OhbVfFuEGsL_PpPRqj6Tf3cwY7n,DqSt2uXnQrg,194,31,142,52.9,8.4,38.7,Positive,3,"range, battery, top speed"
Fully Charged Show,PLzD0K2OhbVfFuEGsL_PpPRqj6Tf3cwY7n,n5xZAM246aY,209,22,103,62.6,6.6,30.8,Positive,3,"range, battery, handling"
Fully Charged Show,PLzD0K2OhbVfFuEGsL_PpPRqj6Tf3cwY7n,qo6i5VcJ-ME,357,110,268,48.6,15.0,36.5,Positive,4,"range, battery, charger, capacity"
Fully Charged Show,PLzD0K2OhbVfFuEGsL_PpPRqj6Tf3cwY7n,SEIrM7YvXSE,325,34,141,65.0,6.8,28.2,Positive,3,"range, battery, battery life"
Fully Charged Show,PLzD0K2OhbVfFuEGsL_PpPRqj6Tf3cwY7n,fQ8HRntn8c8,138,40,95,50.5,14.7,34.8,Positive,4,"battery, torque, top speed, acceleration"
Fully Charged Show,PLzD0K2OhbVfFuEGsL_PpPRqj6Tf3cwY7n,pgSnSSqo_mg,199,59,150,48.8,14.5,36.8,Positive,6,"energy density, range, charging, capacity, battery, range anxiety"
Fully Charged Show,PLzD0K2OhbVfFuEGsL_PpPRqj6Tf3cwY7n,WuZ0xq7hm2g,101,18,71,53.2,9.5,37.4,Positive,0,
Fully Charged Show,PLzD0K2OhbVfFuEGsL_PpPRqj6Tf3cwY7n,_Qag-AxNPhg,445,69,368,50.5,7.8,41.7,Positive,3,"battery, torque, top speed"
Fully Charged Show,PLzD0K2OhbVfFuEGsL_PpPRqj6Tf3cwY7n,vH2MmgiF7gQ,138,16,77,59.7,6.9,33.3,Positive,11,"sport mode, torque, ccs, range, charging, top speed, capacity, battery, range anxiety, charger, acceleration"
Fully Charged Show,PLzD0K2OhbVfFuEGsL_PpPRqj6Tf3cwY7n,sFSJDSh1jmE,856,125,800,48.1,7.0,44.9,Positive,7,"tesla, range, charging, fast charging, touchscreen, battery, charger"
Fully Charged Show,PLzD0K2OhbVfFuEGsL_PpPRqj6Tf3cwY7n,7p5Uym-YdAc,335,65,284,49.0,9.5,41.5,Positive,7,"cargo space, range, charging, top speed, suv, battery, acceleration"
Fully Charged Show,PLzD0K2OhbVfFuEGsL_PpPRqj6Tf3cwY7n,n50tPjzJxXA,189,35,134,52.8,9.8,37.4,Positive,4,"range, battery, sport mode, charging"
Fully Charged Show,PLzD0K2OhbVfFuEGsL_PpPRqj6Tf3cwY7n,6k865qo-6mw,168,39,157,46.2,10.7,43.1,Positive,10,"network, tesla, carbon footprint, range, charging, mileage, capacity, battery, charger, acceleration"
Bjorn Nyland,PLqKx2qnB8Xv4rFsIsmw2e1jhYNT-Dux6Z,xJa2CKhSMDY,77,13,49,55.4,9.4,35.3,Positive,9,"tesla, range, charging, degradation, supercharger, charging speed, battery, drag coefficient, charger"
Bjorn Nyland,PLqKx2qnB8Xv4rFsIsmw2e1jhYNT-Dux6Z,zlOwFqUeE5E,17,2,20,43.6,5.1,51.3,Positive,8,"ccs, tesla, range, charging, degradation, supercharger, battery, charger"
Bjorn Nyland,PLqKx2qnB8Xv4rFsIsmw2e1jhYNT-Dux6Z,Rp6kFsbdMX0,23,6,24,43.4,11.3,45.3,Positive,9,"thermal management, bms, ccs, tesla, charging, supercharger, state of charge, battery, charger"
Bjorn Nyland,PLqKx2qnB8Xv4rFsIsmw2e1jhYNT-Dux6Z,M9EzCgiFWxo,20,6,33,33.9,10.2,55.9,Positive,4,"battery, charging, ccs, charger"
Bjorn Nyland,PLqKx2qnB8Xv4rFsIsmw2e1jhYNT-Dux6Z,IVEcn-KOeTc,30,3,19,57.7,5.8,36.5,Positive,6,"thermal management, range, charging, supercharger, battery, charger"
Bjorn Nyland,PLqKx2qnB8Xv4rFsIsmw2e1jhYNT-Dux6Z,puJjrDunU2E,13,4,26,30.2,9.3,60.5,Positive,5,"thermal management, road trip, charging, battery, charger"
Bjorn Nyland,PLqKx2qnB8Xv4rFsIsmw2e1jhYNT-Dux6Z,99PpOwqydMI,63,5,29,64.9,5.2,29.9,Positive,8,"bms, tesla, range, charging, degradation, supercharger, battery, charger"
Bjorn Nyland,PLqKx2qnB8Xv4rFsIsmw2e1jhYNT-Dux6Z,U3nVGULmocs,23,6,19,47.9,12.5,39.6,Positive,10,"ccs, tesla, range, charging, degradation, state of charge, capacity, charging speed, battery, charger"
Bjorn Nyland,PLqKx2qnB8Xv4rFsIsmw2e1jhYNT-Dux6Z,YiL7a7EIDp0,21,7,28,37.5,12.5,50.0,Positive,10,"thermal management, ccs, tesla, range, charging, supercharger, capacity, charging speed, battery, charger"
Bjorn Nyland,PLqKx2qnB8Xv4rFsIsmw2e1jhYNT-Dux6Z,nPlUcyzPhvw,14,3,10,51.9,11.1,37.0,Positive,8,"ccs, tesla, charging, fast charging, warranty, charging speed, battery, charger"
Bjorn Nyland,PLqKx2qnB8Xv4rFsIsmw2e1jhYNT-Dux6Z,GCIDkCOyID0,17,4,16,45.9,10.8,43.2,Positive,8,"ccs, range, charging, supercharger, charging speed, tesla supercharger, battery, charger"
Bjorn Nyland,PLqKx2qnB8Xv75gTigBULlYUYT95jZXWGY,xOoGNXxhnQo,30,3,27,50.0,5.0,45.0,Positive,3,"sedan, tesla, suv"
Bjorn Nyland,PLqKx2qnB8Xv75gTigBULlYUYT95jZXWGY,AWAqVN0_oc0,27,7,16,54.0,14.0,32.0,Positive,3,"sedan, tesla, suv"
Bjorn Nyland,PLqKx2qnB8Xv75gTigBULlYUYT95jZXWGY,9CGqbKvfrzE,15,4,19,39.5,10.5,50.0,Positive,6,"road trip, tesla, range, suv, crossover, battery"
Bjorn Nyland,PLqKx2qnB8Xv75gTigBULlYUYT95jZXWGY,stqbczFH3Ho,15,4,12,48.4,12.9,38.7,Positive,1,tesla
Bjorn Nyland,PLqKx2qnB8Xv75gTigBULlYUYT95jZXWGY,u0dVduz_DFA,33,4,23,55.0,6.7,38.3,Positive,2,"road trip, suv"
Bjorn Nyland,PLqKx2qnB8Xv75gTigBULlYUYT95jZXWGY,8F6M7ZcVVOQ,57,6,44,53.3,5.6,41.1,Positive,3,"sedan, tesla, suv"
Bjorn Nyland,PLqKx2qnB8Xv75gTigBULlYUYT95jZXWGY,W1v7J88-gpA,6,0,7,46.2,0.0,53.8,Positive,2,"byd, suv"
Bjorn Nyland,PLqKx2qnB8Xv4UQsSC5Is-1xLNApnV0_cm,KoW6DnSOGT0,43,2,29,58.1,2.7,39.2,Positive,4,"battery, charging, charging station, kwh"
Bjorn Nyland,PLqKx2qnB8Xv4UQsSC5Is-1xLNApnV0_cm,UetQ86-BIzM,14,4,16,41.2,11.8,47.1,Positive,2,"battery, kwh"
Bjorn Nyland,PLqKx2qnB8Xv4UQsSC5Is-1xLNApnV0_cm,OmJXKzWpMQc,10,1,4,66.7,6.7,26.7,Positive,4,"range, battery, charging, acceleration"
Bjorn Nyland,PLqKx2qnB8Xv4UQsSC5Is-1xLNApnV0_cm,s9wIYbTx-xY,40,22,50,35.7,19.6,44.6,Positive,6,"bmw i3, tesla, charging, degradation, charging station, battery"
Bjorn Nyland,PLqKx2qnB8Xv4UQsSC5Is-1xLNApnV0_cm,jhGUzoaHEAg,20,3,13,55.6,8.3,36.1,Positive,2,"charging, tesla"
Bjorn Nyland,PLqKx2qnB8Xv4UQsSC5Is-1xLNApnV0_cm,a-LrsresGaA,13,2,9,54.2,8.3,37.5,Positive,8,"tesla, range, charging, public charger, capacity, battery, charger, home charging"
Bjorn Nyland,PLqKx2qnB8Xv4UQsSC5Is-1xLNApnV0_cm,TrMZNIs1vDU,14,0,5,73.7,0.0,26.3,Positive,5,"tesla, range, degradation, hybrid, battery"
Bjorn Nyland,PLqKx2qnB8Xv4UQsSC5Is-1xLNApnV0_cm,HRxcIy9Eess,16,2,13,51.6,6.5,41.9,Positive,0,
Electric Vehicle Man,PLjc2gh_1SxK1K85QpQ4hgvwkrBZlis8MD,hjd_bHKcG90,0,0,0,0.0,0.0,0.0,No Comments,0,
Electric Vehicle Man,PLjc2gh_1SxK1K85QpQ4hgvwkrBZlis8MD,3LQ8sIGMb4Y,0,0,0,0.0,0.0,0.0,No Comments,0,
Electric Vehicle Man,PLjc2gh_1SxK1K85QpQ4hgvwkrBZlis8MD,rKo6x2RSy_o,0,0,0,0.0,0.0,0.0,No Comments,0,
Electric Vehicle Man,PLjc2gh_1SxK1K85QpQ4hgvwkrBZlis8MD,Dw9IuvJCDbs,21,12,16,42.9,24.5,32.7,Positive,11,"horsepower, charger, tesla, range, charging, suv, handling, capacity, autopilot, battery, kwh"
Electric Vehicle Man,PLjc2gh_1SxK1K85QpQ4hgvwkrBZlis8MD,RAevvNIhX6M,24,6,30,40.0,10.0,50.0,Positive,7,"horsepower, sport mode, charging, hybrid, suv, handling, battery"
Electric Vehicle Man,PLjc2gh_1SxK1K85QpQ4hgvwkrBZlis8MD,YlINeaP3F3g,124,15,80,56.6,6.8,36.5,Positive,8,"horsepower, ccs, tesla, range, mileage, warranty, battery, charger"
Electric Vehicle Man,PLjc2gh_1SxK1K85QpQ4hgvwkrBZlis8MD,UI3NGTVASuk,0,0,0,0.0,0.0,0.0,No Comments,0,
Electric Vehicle Man,PLjc2gh_1SxK1K85QpQ4hgvwkrBZlis8MD,gzTWk_NFntw,0,0,0,0.0,0.0,0.0,No Comments,0,
Electric Vehicle Man,PLjc2gh_1SxK1K85QpQ4hgvwkrBZlis8MD,gMCY2xV-HDg,0,0,0,0.0,0.0,0.0,No Comments,0,
Electric Vehicle Man,PLjc2gh_1SxK1K85QpQ4hgvwkrBZlis8MD,4GA701iuJN4,0,0,0,0.0,0.0,0.0,No Comments,0,
Electric Vehicle Man,PLjc2gh_1SxK1K85QpQ4hgvwkrBZlis8MD,HgI36Ynq4aA,0,0,0,0.0,0.0,0.0,No Comments,0,
Electric Vehicle Man,PLjc2gh_1SxK1K85QpQ4hgvwkrBZlis8MD,mASBKAz7fBQ,30,5,22,52.6,8.8,38.6,Positive,5,"network, degradation, hybrid, warranty, battery"
Electric Vehicle Man,PLjc2gh_1SxK1K85QpQ4hgvwkrBZlis8MD,E2XBSuc-jKE,0,0,0,0.0,0.0,0.0,No Comments,0,
Electric Vehicle Man,PLjc2gh_1SxK1K85QpQ4hgvwkrBZlis8MD,HRSIkwzTutQ,0,0,0,0.0,0.0,0.0,No Comments,0,
Electric Vehicle Man,PLjc2gh_1SxK1K85QpQ4hgvwkrBZlis8MD,2KLrvtqyEqY,0,0,0,0.0,0.0,0.0,No Comments,0,
Electric Vehicle Man,PLjc2gh_1SxK1K85QpQ4hgvwkrBZlis8MD,KJ9PWurppCs,0,0,0,0.0,0.0,0.0,No Comments,0,
Electric Vehicle Man,PLjc2gh_1SxK1K85QpQ4hgvwkrBZlis8MD,uV0rp2roHMg,0,0,0,0.0,0.0,0.0,No Comments,0,
Electric Vehicle Man,PLjc2gh_1SxK1K85QpQ4hgvwkrBZlis8MD,cNUnyBJySaI,0,0,0,0.0,0.0,0.0,No Comments,0,
Electric Vehicle Man,PLjc2gh_1SxK1K85QpQ4hgvwkrBZlis8MD,BlTB1h-1lmc,0,0,0,0.0,0.0,0.0,No Comments,0,
Electric Vehicle Man,PLjc2gh_1SxK1K85QpQ4hgvwkrBZlis8MD,0BUtGNmlPTg,0,0,0,0.0,0.0,0.0,No Comments,0,
Electric Vehicle Man,PLjc2gh_1SxK1K85QpQ4hgvwkrBZlis8MD,nwrK4qJRgSQ,0,0,0,0.0,0.0,0.0,No Comments,0,
Electric Vehicle Man,PLjc2gh_1SxK1K85QpQ4hgvwkrBZlis8MD,UtdrXQF6n4s,0,0,0,0.0,0.0,0.0,No Comments,0,
Electric Vehicle Man,PLjc2gh_1SxK1K85QpQ4hgvwkrBZlis8MD,Qy6xjbCIdU4,0,0,0,0.0,0.0,0.0,No Comments,0,
Electric Vehicle Man,PLjc2gh_1SxK1K85QpQ4hgvwkrBZlis8MD,bF9PuvNtlDs,0,0,0,0.0,0.0,0.0,No Comments,0,
Electric Vehicle Man,PLjc2gh_1SxK1K85QpQ4hgvwkrBZlis8MD,GlbBpXr2UOY,0,0,0,0.0,0.0,0.0,No Comments,0,
Electric Vehicle Man,PLjc2gh_1SxK1K85QpQ4hgvwkrBZlis8MD,9E1NI-fehJg,0,0,0,0.0,0.0,0.0,No Comments,0,
Electric Vehicle Man,PLjc2gh_1SxK1K85QpQ4hgvwkrBZlis8MD,4w871kBa1GA,0,0,0,0.0,0.0,0.0,No Comments,0,
Electric Vehicle Man,PLjc2gh_1SxK1K85QpQ4hgvwkrBZlis8MD,UtwaczAr89c,0,0,0,0.0,0.0,0.0,No Comments,0,
Electric Vehicle Man,PLjc2gh_1SxK1K85QpQ4hgvwkrBZlis8MD,oCWUKH3X55Q,0,0,0,0.0,0.0,0.0,No Comments,0,
Electric Vehicle Man,PLjc2gh_1SxK1K85QpQ4hgvwkrBZlis8MD,1_f9Jot2tMQ,0,0,0,0.0,0.0,0.0,No Comments,0,
Electric Vehicle Man,PLjc2gh_1SxK1K85QpQ4hgvwkrBZlis8MD,dgvQ_MHIQw0,0,0,0,0.0,0.0,0.0,No Comments,0,
Electric Vehicle Man,PLjc2gh_1SxK3qIOtZKVv68oiQbgtv6AVK,r8e6uA_XsxU,224,41,169,51.6,9.4,38.9,Positive,9,"bms, tesla, range, battery management system, nissan leaf, degradation, mileage, warranty, battery"
Electric Vehicle Man,PLjc2gh_1SxK3qIOtZKVv68oiQbgtv6AVK,jTepxmIjt-A,48,4,21,65.8,5.5,28.8,Positive,7,"network, nissan leaf, charging, supercharger, capacity, warranty, charger"
Electric Vehicle Man,PLjc2gh_1SxK3qIOtZKVv68oiQbgtv6AVK,Jdmz8-ShuDc,99,6,49,64.3,3.9,31.8,Positive,5,"tesla, nissan leaf, charging, battery, charger"
Electric Vehicle Man,PLjc2gh_1SxK3qIOtZKVv68oiQbgtv6AVK,cwAZK6j5v5A,115,18,90,51.6,8.1,40.4,Positive,6,"network, nissan leaf, charging, chademo, ccs, charger"
Electric Vehicle Man,PLjc2gh_1SxK3qIOtZKVv68oiQbgtv6AVK,_8yf_F1u2g4,48,10,64,39.3,8.2,52.5,Positive,8,"tesla, range, nissan leaf, charging, degradation, infotainment, state of charge, battery"
Electric Vehicle Man,PLjc2gh_1SxK3qIOtZKVv68oiQbgtv6AVK,upo7CkjuCZM,89,10,52,58.9,6.6,34.4,Positive,5,"tesla, range, autopilot, battery, charger"
Electric Vehicle Man,PLjc2gh_1SxK3qIOtZKVv68oiQbgtv6AVK,HDMReL9H8Iw,336,38,278,51.5,5.8,42.6,Positive,4,"range, battery, degradation, network"
Electric Vehicle Man,PLjc2gh_1SxK3qIOtZKVv68oiQbgtv6AVK,ujEKO1l1e54,85,8,95,45.2,4.3,50.5,Positive,7,"network, range, charging, supercharger, battery, range anxiety, charger"
Electric Vehicle Man,PLjc2gh_1SxK3qIOtZKVv68oiQbgtv6AVK,X_AO4jN-kNU,84,13,66,51.5,8.0,40.5,Positive,9,"tesla, battery warranty, total cost of ownership, range, nissan leaf, charging, mileage, battery, home charging"
Electric Vehicle Man,PLjc2gh_1SxK3qIOtZKVv68oiQbgtv6AVK,-mhEtIm3GmU,96,6,48,64.0,4.0,32.0,Positive,7,"tesla, range, charging, over-the-air, battery, battery life, charger"
Electric Vehicle Man,PLjc2gh_1SxK3qIOtZKVv68oiQbgtv6AVK,1DBR__nqy7g,76,19,46,53.9,13.5,32.6,Positive,13,"network, real-world range, bmw i3, tesla, range, nissan leaf, charging, supercharger, suv, handling, warranty, battery, plug-in hybrid"
Electric Vehicle Man,PLjc2gh_1SxK3qIOtZKVv68oiQbgtv6AVK,sWWomUjWiKI,51,8,28,58.6,9.2,32.2,Positive,12,"horsepower, ccs, bmw i3, tesla, battery warranty, range, nissan leaf, mileage, instant torque, state of charge, warranty, battery"
Electric Vehicle Man,PLjc2gh_1SxK3qIOtZKVv68oiQbgtv6AVK,nE7yaiizxxA,43,4,25,59.7,5.6,34.7,Positive,4,"range, battery, charging, charger"
Electric Vehicle Man,PLjc2gh_1SxK3qIOtZKVv68oiQbgtv6AVK,UPX0R5O3h3E,71,8,56,52.6,5.9,41.5,Positive,7,"network, tesla, range, nissan leaf, charging, battery, charger"
Electric Vehicle Man,PLjc2gh_1SxK3qIOtZKVv68oiQbgtv6AVK,uju2-IYYBwU,74,10,53,54.0,7.3,38.7,Positive,9,"network, ccs, tesla, range, charging, mileage, battery, charger, home charging"
Electric Vehicle Man,PLjc2gh_1SxK3qIOtZKVv68oiQbgtv6AVK,-djLiWp9CCs,55,12,27,58.5,12.8,28.7,Positive,4,"range, battery, charging, mileage"
Electric Vehicle Man,PLjc2gh_1SxK3qIOtZKVv68oiQbgtv6AVK,e8QToP7oMro,185,20,126,55.9,6.0,38.1,Positive,8,"regenerative braking, preconditioning, daily commute, range, hybrid, battery, plug-in hybrid, charger"
Electric Vehicle Man,PLjc2gh_1SxK3qIOtZKVv68oiQbgtv6AVK,-ZGd7Odw06M,85,13,72,50.0,7.6,42.4,Positive,8,"tesla, incentive, charging, hybrid, suv, bev, battery, plug-in hybrid"
Electric Vehicle Man,PLjc2gh_1SxK3qIOtZKVv68oiQbgtv6AVK,QbYO9xDU6Ks,146,20,111,52.7,7.2,40.1,Positive,5,"range, charging, touchscreen, battery, charger"
Electric Vehicle Man,PLjc2gh_1SxK3qIOtZKVv68oiQbgtv6AVK,qP14huHqims,64,9,46,53.8,7.6,38.7,Positive,10,"bmw i3, tesla, battery warranty, total cost of ownership, range, nissan leaf, degradation, mileage, warranty, battery"
Electric Vehicle Man,PLjc2gh_1SxK3qIOtZKVv68oiQbgtv6AVK,bW7Aovm7esE,149,16,109,54.4,5.8,39.8,Positive,11,"public charging network, network, tesla, incentive, nissan leaf, charging, hybrid, mileage, suv, charger, home charging"
Electric Vehicle Man,PLjc2gh_1SxK3qIOtZKVv68oiQbgtv6AVK,nN2gXKS8R4A,88,14,86,46.8,7.4,45.7,Positive,2,"battery, tesla"
Electric Vehicle Man,PLjc2gh_1SxK3qIOtZKVv68oiQbgtv6AVK,u2XjcI3wa0w,54,8,42,51.9,7.7,40.4,Positive,4,"nissan leaf, network, charging, charger"
Electric Vehicle Man,PLjc2gh_1SxK3qIOtZKVv68oiQbgtv6AVK,mMNHrP9LS68,98,13,72,53.6,7.1,39.3,Positive,4,"capacity, charge time, charging, charger"
Electric Vehicle Man,PLjc2gh_1SxK3qIOtZKVv68oiQbgtv6AVK,C8aI4en7Nmk,247,25,159,57.3,5.8,36.9,Positive,7,"tesla, range, nissan leaf, charging, battery, charger, acceleration"
Electric Vehicle Man,PLjc2gh_1SxK3qIOtZKVv68oiQbgtv6AVK,89BGXSE_1zc,70,7,30,65.4,6.5,28.0,Positive,9,"charger, network, tesla, range, nissan leaf, charging, state of charge, battery, kwh"
Electric Vehicle Man,PLjc2gh_1SxK3WKwmReTmSFjf3mjWm4MJZ,UPFGbY_df2o,8,2,7,47.1,11.8,41.2,Positive,17,"road trip, network, self-driving, ccs, tesla, range, nissan leaf, charging, supercharger, charging station, hybrid, warranty, autopilot, battery, plug-in hybrid, charger, public charging network"
Electric Vehicle Man,PLjc2gh_1SxK3WKwmReTmSFjf3mjWm4MJZ,2xCI8dO-DBY,30,1,26,52.6,1.8,45.6,Positive,0,
Electric Vehicle Man,PLjc2gh_1SxK3WKwmReTmSFjf3mjWm4MJZ,xVIF1mqcnlY,6,2,18,23.1,7.7,69.2,Positive,19,"thermal management, horsepower, capacity, nissan leaf, charging, public charger, top speed, fast charging, battery, interior design, tesla, range, battery management system, warranty, charging speed, ccs, charger, hybrid, acceleration"
Electric Vehicle Man,PLjc2gh_1SxK3WKwmReTmSFjf3mjWm4MJZ,2BZ1P0697wU,13,2,2,76.5,11.8,11.8,Positive,6,"incentive, tesla, range, charging, autopilot, charger"
Electric Vehicle Man,PLjc2gh_1SxK3WKwmReTmSFjf3mjWm4MJZ,DVG9TWuZShE,5,0,2,71.4,0.0,28.6,Positive,2,"battery, bev"
Electric Vehicle Man,PLjc2gh_1SxK3WKwmReTmSFjf3mjWm4MJZ,QyvEXzww-28,4,1,4,44.4,11.1,44.4,Positive,9,"horsepower, network, tesla, range, charging, supercharger, suv, crossover, handling"
Electric Vehicle Man,PLjc2gh_1SxK3WKwmReTmSFjf3mjWm4MJZ,ROb4VnnnEtk,7,0,3,70.0,0.0,30.0,Positive,22,"thermal management, horsepower, network, total cost of ownership, mileage, suv, capacity, road trip, charging, public charger, fast charging, battery, public charging network, tesla, range, warranty, ccs, charger, hybrid, supercharger, tesla supercharger, plug-in hybrid"
Now You Know,PLDn5j59RTWJl35aIy5pOVBHvoGgqavrdJ,3EekRRnkq6o,217,47,158,51.4,11.1,37.4,Positive,4,"range, state of charge, warranty, rivian"
Now You Know,PLDn5j59RTWJl35aIy5pOVBHvoGgqavrdJ,4n4_8_ppb5I,765,196,717,45.6,11.7,42.7,Positive,24,"network, software update, suv, capacity, rivian, road trip, nissan leaf, charging, fast charging, battery, range anxiety, torque, cargo space, tesla, range, electrify america, warranty, charging speed, ccs, charger, supercharger, state of charge, tesla supercharger, charging availability"
Now You Know,PLDn5j59RTWJl35aIy5pOVBHvoGgqavrdJ,wRa0XtX49bY,135,22,121,48.6,7.9,43.5,Positive,13,"network, tesla, range, electrify america, charging, charging station, mileage, fast charging, charging speed, rivian, battery, charger, acceleration"
Now You Know,PLDn5j59RTWJl35aIy5pOVBHvoGgqavrdJ,ZVbYNIpE0Yo,95,30,138,36.1,11.4,52.5,Positive,6,"tesla, range, charging, rivian, battery, charger"
Now You Know,PLDn5j59RTWJl35aIy5pOVBHvoGgqavrdJ,TalYD7Z3QK8,96,12,56,58.5,7.3,34.1,Positive,6,"network, tesla, charging, hybrid, rivian, battery"
Now You Know,PLDn5j59RTWJl35aIy5pOVBHvoGgqavrdJ,_Rr2fFp1jzg,68,5,31,65.4,4.8,29.8,Positive,3,"network, tesla, charger"
Now You Know,PLDn5j59RTWJl35aIy5pOVBHvoGgqavrdJ,cXZBZWcgAJI,42,9,37,47.7,10.2,42.0,Positive,0,
Now You Know,PLDn5j59RTWJl35aIy5pOVBHvoGgqavrdJ,JUza0fG6y0k,101,11,73,54.6,5.9,39.5,Positive,8,"range, electrify america, charging, fast charging, state of charge, rivian, battery, charger"
Now You Know,PLDn5j59RTWJl35aIy5pOVBHvoGgqavrdJ,XWenBJEmI_g,65,2,51,55.1,1.7,43.2,Positive,1,drag coefficient
Now You Know,PLDn5j59RTWJl35aIy5pOVBHvoGgqavrdJ,E7hjUmiQQZ8,96,16,72,52.2,8.7,39.1,Positive,3,"range, battery, charger"
Now You Know,PLDn5j59RTWJl35aIy5pOVBHvoGgqavrdJ,PL_hBxK569E,79,11,68,50.0,7.0,43.0,Positive,9,"tesla, incentive, carbon footprint, range, capacity, warranty, battery, lithium-ion, tax credit"
Now You Know,PLDn5j59RTWJl35aIy5pOVBHvoGgqavrdJ,YMGe2JInlOI,97,12,56,58.8,7.3,33.9,Positive,7,"tesla, range, charging, suv, battery, user interface, charger"
Now You Know,PLDn5j59RTWJl35aIy5pOVBHvoGgqavrdJ,rKav8JCOV24,28,3,16,59.6,6.4,34.0,Positive,4,"road trip, incentive, tesla, battery"
Now You Know,PLDn5j59RTWJl35aIy5pOVBHvoGgqavrdJ,bZNybf-pjcU,65,22,59,44.5,15.1,40.4,Positive,2,"incentive, tesla"
Now You Know,PLDn5j59RTWJl35aIy5pOVBHvoGgqavrdJ,IywwSkjlkF4,38,6,24,55.9,8.8,35.3,Positive,7,"horsepower, tesla, range, top speed, suv, ai, battery"
Now You Know,PLDn5j59RTWJl35aIy5pOVBHvoGgqavrdJ,uH-clPCutyc,512,161,484,44.3,13.9,41.8,Positive,4,"range, battery, byd, tesla"
Now You Know,PLDn5j59RTWJl35aIy5pOVBHvoGgqavrdJ,MCjlk45cUsQ,180,37,144,49.9,10.2,39.9,Positive,13,"road trip, tesla, range, charge time, charging, hybrid, capacity, level 2 charger, rivian, battery, plug-in hybrid, charger, home charging"
Now You Know,PLDn5j59RTWJl35aIy5pOVBHvoGgqavrdJ,LbAMB1h_ins,255,64,285,42.2,10.6,47.2,Positive,9,"network, torque, self-driving, tesla, charging, mileage, autonomous driving, ai, battery"
Now You Know,PLDn5j59RTWJl35aIy5pOVBHvoGgqavrdJ,vB78qCS1jvw,279,44,173,56.2,8.9,34.9,Positive,9,"horsepower, self-driving, bms, tesla, charging, top speed, battery, lithium-ion, charger"
Now You Know,PLDn5j59RTWJl35aIy5pOVBHvoGgqavrdJ,eNGfR1NLpBc,29,4,17,58.0,8.0,34.0,Positive,3,"battery, degradation, tesla"
Now You Know,PLDn5j59RTWJl35aIy5pOVBHvoGgqavrdJ,QwhfZvTmCqI,201,22,116,59.3,6.5,34.2,Positive,12,"energy density, maintenance cost, tesla, battery warranty, carbon footprint, range, degradation, vehicle-to-grid, capacity, warranty, v2g, battery"
Now You Know,PLDn5j59RTWJl35aIy5pOVBHvoGgqavrdJ,PqdB93lCqHc,286,90,290,42.9,13.5,43.5,Positive,4,"network, incentive, tesla, recall"
Now You Know,PLDn5j59RTWJl35aIy5pOVBHvoGgqavrdJ,wR-BYZv2n2g,111,13,84,53.4,6.2,40.4,Positive,6,"thermal management, tesla, charging, capacity, battery, lithium-ion"
Now You Know,PLDn5j59RTWJl35aIy5pOVBHvoGgqavrdJ,aUC6lsLr04I,963,176,908,47.0,8.6,44.4,Positive,2,"tesla, suv"
Now You Know,PLDn5j59RTWJl35aIy5pOVBHvoGgqavrdJ,8U8s6uetZHY,161,41,138,47.4,12.1,40.6,Positive,3,"charging, tesla, rivian"
Now You Know,PLDn5j59RTWJl35aIy5pOVBHvoGgqavrdJ,o6rYoKGE8I0,119,20,130,44.2,7.4,48.3,Positive,3,"charging, network, charger"
Now You Know,PLDn5j59RTWJl35aIy5pOVBHvoGgqavrdJ,IZG7iAMxTUA,525,112,423,49.5,10.6,39.9,Positive,3,"service center, warranty, tesla"
Now You Know,PLDn5j59RTWJl35aIy5pOVBHvoGgqavrdJ,4Kj-SN1NRMY,83,14,51,56.1,9.5,34.5,Positive,3,"self-driving, autopilot, tesla"
Now You Know,PLDn5j59RTWJl35aIy5pOVBHvoGgqavrdJ,o-od9VNytZY,66,28,71,40.0,17.0,43.0,Positive,0,
Now You Know,PLDn5j59RTWJl35aIy5pOVBHvoGgqavrdJ,7s8R-2Qg0SM,88,5,44,64.2,3.6,32.1,Positive,2,"supercharger, tesla"
Now You Know,PLDn5j59RTWJl35aIy5pOVBHvoGgqavrdJ,KTjaUYRDgeg,59,11,28,60.2,11.2,28.6,Positive,12,"road trip, network, self-driving, tesla, range, electrify america, charging, supercharger, charging speed, rivian, battery, charger"
Now You Know,PLDn5j59RTWJmc2lGj1pSF0Joi0WXr5bnX,hjd_bHKcG90,0,0,0,0.0,0.0,0.0,No Comments,0,
Now You Know,PLDn5j59RTWJmc2lGj1pSF0Joi0WXr5bnX,pWdoOVSzQVE,91,35,92,41.7,16.1,42.2,Positive,4,"ai, capacity, supercharger, tesla"
Now You Know,PLDn5j59RTWJmc2lGj1pSF0Joi0WXr5bnX,2rV33AsoepQ,41,15,48,39.4,14.4,46.2,Positive,6,"network, tesla, charging, supercharger, crossover, ai"
Now You Know,PLDn5j59RTWJmc2lGj1pSF0Joi0WXr5bnX,dN1KtcFLyzI,127,48,127,42.1,15.9,42.1,Positive,2,"ai, tesla"
Now You Know,PLDn5j59RTWJmc2lGj1pSF0Joi0WXr5bnX,wctGM6ZcaPE,117,33,107,45.5,12.8,41.6,Positive,3,"network, tesla, self-driving"
Now You Know,PLDn5j59RTWJmc2lGj1pSF0Joi0WXr5bnX,qRnDhGCYcdA,144,44,142,43.6,13.3,43.0,Positive,1,tesla
Now You Know,PLDn5j59RTWJmc2lGj1pSF0Joi0WXr5bnX,c0a-2zroALI,157,37,223,37.6,8.9,53.5,Positive,2,"tesla, rivian"
Now You Know,PLDn5j59RTWJmc2lGj1pSF0Joi0WXr5bnX,cSBMpeO9Z-A,70,18,65,45.8,11.8,42.5,Positive,1,tesla
Now You Know,PLDn5j59RTWJmc2lGj1pSF0Joi0WXr5bnX,YW4UzD7KS1M,78,20,58,50.0,12.8,37.2,Positive,2,"self-driving, tesla"
Now You Know,PLDn5j59RTWJmc2lGj1pSF0Joi0WXr5bnX,SD-zqK47jQs,54,14,45,47.8,12.4,39.8,Positive,3,"ai, capacity, tesla"
Now You Know,PLDn5j59RTWJmc2lGj1pSF0Joi0WXr5bnX,e-Q0iVk6WP8,123,32,138,42.0,10.9,47.1,Positive,7,"network, tesla, range, charging, supercharger, charging speed, battery"
Now You Know,PLDn5j59RTWJmc2lGj1pSF0Joi0WXr5bnX,Yj0ck2nLRuc,143,26,116,50.2,9.1,40.7,Positive,6,"network, tesla, electrify america, charging, supercharger, ai"
Now You Know,PLDn5j59RTWJmc2lGj1pSF0Joi0WXr5bnX,s49jMLLpc6g,195,51,216,42.2,11.0,46.8,Positive,5,"network, tesla, suv, ai, acceleration"
Now You Know,PLDn5j59RTWJk5LoqD3j1n9XDvKWGz7oS-,7s8R-2Qg0SM,88,5,44,64.2,3.6,32.1,Positive,2,"supercharger, tesla"
Now You Know,PLDn5j59RTWJk5LoqD3j1n9XDvKWGz7oS-,0LeYoE7xPxQ,29,5,34,42.6,7.4,50.0,Positive,1,tesla
Now You Know,PLDn5j59RTWJk5LoqD3j1n9XDvKWGz7oS-,upvH0w5kpfc,98,10,88,50.0,5.1,44.9,Positive,1,tesla
Now You Know,PLDn5j59RTWJk5LoqD3j1n9XDvKWGz7oS-,fO0RKGd6gDo,265,68,213,48.5,12.5,39.0,Positive,3,"battery, energy density, tesla"
Now You Know,PLDn5j59RTWJk5LoqD3j1n9XDvKWGz7oS-,osR4_6Xh2Pc,209,60,194,45.1,13.0,41.9,Positive,1,tesla
Now You Know,PLDn5j59RTWJk5LoqD3j1n9XDvKWGz7oS-,djbdvu4vZwU,75,20,105,37.5,10.0,52.5,Positive,1,tesla
Now You Know,PLDn5j59RTWJk5LoqD3j1n9XDvKWGz7oS-,BpA67BMMyJk,134,60,169,36.9,16.5,46.6,Positive,2,"network, tesla"
Now You Know,PLDn5j59RTWJk5LoqD3j1n9XDvKWGz7oS-,59xSDpFgk5E,46,7,55,42.6,6.5,50.9,Positive,8,"network, tesla, range, charging, supercharger, battery, lithium-ion, charger"
Now You Know,PLDn5j59RTWJk5LoqD3j1n9XDvKWGz7oS-,rELngGpOJyg,68,7,63,49.3,5.1,45.7,Positive,5,"self-driving, tesla, autopilot, autonomous driving, battery"
Now You Know,PLDn5j59RTWJk5LoqD3j1n9XDvKWGz7oS-,Z1N6WbrUgkA,68,10,57,50.4,7.4,42.2,Positive,4,"network, tesla, supercharger, tesla supercharger"
Now You Know,PLDn5j59RTWJk5LoqD3j1n9XDvKWGz7oS-,QyGUHKRbOqk,32,9,37,41.0,11.5,47.4,Positive,3,"autopilot, tesla, autonomous driving"
Now You Know,PLDn5j59RTWJk5LoqD3j1n9XDvKWGz7oS-,Xx4sDyvyU4Q,103,32,95,44.8,13.9,41.3,Positive,4,"charging, all-wheel drive, tesla, autonomous driving"
Now You Know,PLDn5j59RTWJk5LoqD3j1n9XDvKWGz7oS-,eIajx0skkJc,57,14,51,46.7,11.5,41.8,Positive,3,"ai, government policy, tesla"
Now You Know,PLDn5j59RTWJk5LoqD3j1n9XDvKWGz7oS-,ZfkOftkDNCw,72,8,72,47.4,5.3,47.4,Positive,2,"ai, tesla"
E for Electric,PLXAbfWOvf5YuRkLiW3Tj6ZSIK0Zq6amxV,08H8R6pNiXI,20,5,16,48.8,12.2,39.0,Positive,11,"network, driver assistance, tesla, range, charging, dc fast charging, infotainment, crossover, autopilot, battery, tax credit"
E for Electric,PLXAbfWOvf5YuRkLiW3Tj6ZSIK0Zq6amxV,Z-CFXTgzirU,26,3,25,48.1,5.6,46.3,Positive,10,"tesla, range, electrify america, charging, infotainment, fast charging, crossover, warranty, autopilot, tax credit"
E for Electric,PLXAbfWOvf5YuRkLiW3Tj6ZSIK0Zq6amxV,FrzTjVmAXmI,45,11,37,48.4,11.8,39.8,Positive,12,"self-driving, driver assistance, tesla, range, electrify america, charging, fast charging, crossover, autopilot, federal tax credit, charger, tax credit"
E for Electric,PLXAbfWOvf5YuRkLiW3Tj6ZSIK0Zq6amxV,6-XUGVmh0MA,97,22,84,47.8,10.8,41.4,Positive,9,"tesla, range, charging, crossover, state of charge, warranty, rivian, touchscreen, battery"
E for Electric,PLXAbfWOvf5YuRkLiW3Tj6ZSIK0Zq6amxV,OftWSCNr40g,20,4,21,44.4,8.9,46.7,Positive,11,"network, driver assistance, self-driving, tesla, range, charging, infotainment, recall, autopilot, battery, tax credit"
E for Electric,PLXAbfWOvf5YuRkLiW3Tj6ZSIK0Zq6amxV,pD1gBRxHEc8,51,11,40,50.0,10.8,39.2,Positive,15,"network, driver assistance, self-driving, tesla, range, electrify america, charging, supercharger, infotainment, fast charging, capacity, autopilot, rivian, battery, tax credit"
E for Electric,PLXAbfWOvf5YuRkLiW3Tj6ZSIK0Zq6amxV,C3nc4gZ7fTg,39,9,45,41.9,9.7,48.4,Positive,9,"bidirectional charging, network, tesla, range, charging, fast charging, tesla supercharger, federal tax credit, battery"
E for Electric,PLXAbfWOvf5YuRkLiW3Tj6ZSIK0Zq6amxV,WAH_NDXBvp8,111,22,77,52.9,10.5,36.7,Positive,10,"horsepower, torque, tesla, range, infotainment, charging station, state of charge, autopilot, federal tax credit, rivian"
E for Electric,PLXAbfWOvf5YuRkLiW3Tj6ZSIK0Zq6amxV,dMjB-aNwwPQ,14,1,8,60.9,4.3,34.8,Positive,9,"network, self-driving, tesla, range, charging, fast charging, autopilot, battery, tax credit"
E for Electric,PLXAbfWOvf5YuRkLiW3Tj6ZSIK0Zq6amxV,sHgO_tzxU-g,19,6,26,37.3,11.8,51.0,Positive,11,"network, self-driving, tesla, range, charging, dc fast charging, mileage, infotainment, capacity, autopilot, battery"
E for Electric,PLXAbfWOvf5YuRkLiW3Tj6ZSIK0Zq6amxV,nkVS4Ao5wSM,17,0,8,68.0,0.0,32.0,Positive,9,"horsepower, torque, range, charging, all-wheel drive, capacity, battery, charger, tax credit"
E for Electric,PLXAbfWOvf5Ytlrxe40n0F7dGvWkqRpHM1,YtirJwXN7ow,46,16,59,38.0,13.2,48.8,Positive,2,"range, tesla"
E for Electric,PLXAbfWOvf5Ytlrxe40n0F7dGvWkqRpHM1,T5IJcjttlI0,92,23,84,46.2,11.6,42.2,Positive,10,"network, tesla, range, electrify america, charging, dc fast charging, supercharger, suv, rivian, battery"
E for Electric,PLXAbfWOvf5Ytlrxe40n0F7dGvWkqRpHM1,RyeCae8s7Lk,211,53,192,46.3,11.6,42.1,Positive,12,"network, ccs, tesla, electrify america, charging, supercharger, chargepoint, suv, state of charge, rivian, battery, charger"
E for Electric,PLXAbfWOvf5Ytlrxe40n0F7dGvWkqRpHM1,uo5d-j6t418,115,46,121,40.8,16.3,42.9,Positive,17,"battery swap, road trip, energy density, solid-state battery, tesla, range, lucid motors, electrify america, charging, supercharger, charging station, fast charging, battery, charge time, lithium-ion, charger, acceleration"
E for Electric,PLXAbfWOvf5Ytlrxe40n0F7dGvWkqRpHM1,MpVA_fkSnhI,236,60,161,51.6,13.1,35.2,Positive,8,"nhtsa, self-driving, tesla, charging, autopilot, rivian, adas, ai"
E for Electric,PLXAbfWOvf5Ytlrxe40n0F7dGvWkqRpHM1,FlpIgEY-bwU,198,84,225,39.1,16.6,44.4,Positive,5,"tesla, range, charging, battery, home charging"
E for Electric,PLXAbfWOvf5Ytlrxe40n0F7dGvWkqRpHM1,LMkTxSMBCEk,149,24,108,53.0,8.5,38.4,Positive,8,"self-driving, tesla, range, charging, recall, autopilot, autonomous driving, charger"
E for Electric,PLXAbfWOvf5Ytlrxe40n0F7dGvWkqRpHM1,tdqjxKy5VYA,285,120,324,39.1,16.5,44.4,Positive,12,"tesla, range, electrify america, charging, supercharger, infotainment, top speed, fast charging, capacity, autopilot, battery, charger"
E for Electric,PLXAbfWOvf5YtNes11pbNdgq3N5dbZg0Qy,By1G_b7oRAc,117,20,102,49.0,8.4,42.7,Positive,20,"network, capacity, road trip, charging, degradation, fast charging, battery, self-driving, tesla, range, electrify america, chargepoint, charger, home charging, battery swap, supercharger, charging station, state of charge, tesla supercharger, charge time"
E for Electric,PLXAbfWOvf5YtNes11pbNdgq3N5dbZg0Qy,2I300RpQl3c,37,3,12,71.2,5.8,23.1,Positive,13,"tesla, range, electrify america, charging, dc fast charging, charging station, supercharger, fast charging, chargepoint, smart charging, battery, charger, home charging"
E for Electric,PLXAbfWOvf5YtNes11pbNdgq3N5dbZg0Qy,SAQpo7L9IWg,207,50,152,50.6,12.2,37.2,Positive,12,"network, ccs, tesla, range, electrify america, charging, supercharger, state of charge, charging speed, tesla supercharger, rivian, battery"
E for Electric,PLXAbfWOvf5YtNes11pbNdgq3N5dbZg0Qy,CUwI3-JzpKQ,10,2,4,62.5,12.5,25.0,Positive,17,"network, ccs, bmw i3, tesla, range, electrify america, nissan leaf, dc fast charging, charging station, charging, fast charging, supercharger, suv, tesla supercharger, battery, plug-in hybrid, charger"
E for Electric,PLXAbfWOvf5YtNes11pbNdgq3N5dbZg0Qy,8VfkOSbzN1c,172,37,173,45.0,9.7,45.3,Positive,0,
E for Electric,PLXAbfWOvf5YtNes11pbNdgq3N5dbZg0Qy,YeWq47CTDmE,27,4,16,57.4,8.5,34.0,Positive,8,"ccs, tesla, range, charging, state of charge, warranty, battery, charger"
E for Electric,PLXAbfWOvf5YtNes11pbNdgq3N5dbZg0Qy,vp5qJlr4go0,590,57,454,53.6,5.2,41.2,Positive,0,
E for Electric,PLXAbfWOvf5YtNes11pbNdgq3N5dbZg0Qy,RyeCae8s7Lk,211,53,192,46.3,11.6,42.1,Positive,12,"network, ccs, tesla, electrify america, charging, supercharger, chargepoint, suv, state of charge, rivian, battery, charger"
E for Electric,PLXAbfWOvf5YtNes11pbNdgq3N5dbZg0Qy,xxpLykrmDA4,16,3,16,45.7,8.6,45.7,Positive,21,"network, dc fast charging, capacity, road trip, charging, degradation, fast charging, battery, self-driving, tesla, range, electrify america, ccs, charger, home charging, battery swap, supercharger, charging station, smart charging, tesla supercharger, charge time"
